G6V2S,NORTH LONDON NHS FOUNDATION TRUST,,,,,,,,NW1 0PE,,,A,,,,,,,,,,,,,,
K0N6A,THE ONLINE NHS TRUST,,,,,,,,SE1 8UG,,,A,,,,,,,,,,,,,,
R0A,MANCHESTER UNIVERSITY NHS FOUNDATION TRUST,,,,,,,,M13 9WL,,,A,,,,,,,,,,,,,,
R0B,SOUTH TYNESIDE AND SUNDERLAND NHS FOUNDATION TRUST,,,,,,,,SR4 7TP,,,A,,,,,,,,,,,,,,
R0D,UNIVERSITY HOSPITALS DORSET NHS FOUNDATION TRUST,,,,,,,,BH15 2JB,,,A,,,,,,,,,,,,,,
R1A,HEREFORDSHIRE AND WORCESTERSHIRE HEALTH AND CARE NHS TRUST,,,,,,,,WR5 1JR,,,A,,,,,,,,,,,,,,
R1C,SOLENT NHS TRUST,,,,,,,,SO19 8BR,,,A,,,,,,,,,,,,,,
R1D,SHROPSHIRE COMMUNITY HEALTH NHS TRUST,,,,,,,,SY2 6FG,,,A,,,,,,,,,,,,,,
R1E,STAFFORDSHIRE AND STOKE ON TRENT PARTNERSHIP NHS TRUST,,,,,,,,ST5 1QG,,,A,,,,,,,,,,,,,,
R1F,ISLE OF WIGHT NHS TRUST,,,,,,,,PO30 5TG,,,A,,,,,,,,,,,,,,
R1H,BARTS HEALTH NHS TRUST,,,,,,,,E1 2ES,,,A,,,,,,,,,,,,,,
R1J,GLOUCESTERSHIRE CARE SERVICES NHS TRUST,,,,,,,,GL3 4AW,,,A,,,,,,,,,,,,,,
R1K,LONDON NORTH WEST UNIVERSITY HEALTHCARE NHS TRUST,,,,,,,,HA1 3UJ,,,A,,,,,,,,,,,,,,
R1L,ESSEX PARTNERSHIP UNIVERSITY NHS FOUNDATION TRUST,,,,,,,,SS11 7XX,,,A,,,,,,,,,,,,,,
RA2,ROYAL SURREY NHS FOUNDATION TRUST,,,,,,,,GU2 7XX,,,A,,,,,,,,,,,,,,
RA3,WESTON AREA HEALTH NHS TRUST,,,,,,,,BS23 4TQ,,,A,,,,,,,,,,,,,,
RA4,YEOVIL DISTRICT HOSPITAL NHS FOUNDATION TRUST,,,,,,,,BA21 4AT,,,A,,,,,,,,,,,,,,
RA7,BRISTOL NHS FOUNDATION TRUST,,,,,,,,BS1 3NU,,,A,,,,,,,,,,,,,,
RA9,TORBAY AND SOUTH DEVON NHS FOUNDATION TRUST,,,,,,,,TQ2 7AA,,,A,,,,,,,,,,,,,,
RAE,BRADFORD TEACHING HOSPITALS NHS FOUNDATION TRUST,,,,,,,,BD9 6RJ,,,A,,,,,,,,,,,,,,
RAJ,MID AND SOUTH ESSEX NHS FOUNDATION TRUST,,,,,,,,SS0 0RY,,,A,,,,,,,,,,,,,,
RAL,ROYAL FREE LONDON NHS FOUNDATION TRUST,,,,,,,,NW3 2QG,,,A,,,,,,,,,,,,,,
RAN,ROYAL NATIONAL ORTHOPAEDIC HOSPITAL NHS TRUST,,,,,,,,HA7 4LP,,,A,,,,,,,,,,,,,,
RAP,NORTH MIDDLESEX UNIVERSITY HOSPITAL NHS TRUST,,,,,,,,N18 1QX,,,A,,,,,,,,,,,,,,
RAS,THE HILLINGDON HOSPITALS NHS FOUNDATION TRUST,,,,,,,,UB8 3NN,,,A,,,,,,,,,,,,,,
RAT,NORTH EAST LONDON NHS FOUNDATION TRUST,,,,,,,,IG3 8XJ,,,A,,,,,,,,,,,,,,
RAX,KINGSTON AND RICHMOND NHS FOUNDATION TRUST,,,,,,,,KT2 7QB,,,A,,,,,,,,,,,,,,
RBA,TAUNTON AND SOMERSET NHS FOUNDATION TRUST,,,,,,,,TA1 5DA,,,A,,,,,,,,,,,,,,
RBD,DORSET COUNTY HOSPITAL NHS FOUNDATION TRUST,,,,,,,,DT1 2JY,,,A,,,,,,,,,,,,,,
RBF,NUFFIELD ORTHOPAEDIC CENTRE NHS TRUST,,,,,,,,OX3 7LD,,,A,,,,,,,,,,,,,,
RBK,WALSALL HEALTHCARE NHS TRUST,,,,,,,,WS2 9PS,,,A,,,,,,,,,,,,,,
RBL,WIRRAL UNIVERSITY TEACHING HOSPITAL NHS FOUNDATION TRUST,,,,,,,,CH49 5PE,,,A,,,,,,,,,,,,,,
RBN,MERSEY AND WEST LANCASHIRE TEACHING HOSPITALS NHS TRUST,,,,,,,,L35 5DR,,,A,,,,,,,,,,,,,,
RBQ,LIVERPOOL HEART AND CHEST HOSPITAL NHS FOUNDATION TRUST,,,,,,,,L14 3PE,,,A,,,,,,,,,,,,,,
RBS,ALDER HEY CHILDREN'S NHS FOUNDATION TRUST,,,,,,,,L12 2AP,,,A,,,,,,,,,,,,,,
RBT,MID CHESHIRE HOSPITALS NHS FOUNDATION TRUST,,,,,,,,CW1 4QJ,,,A,,,,,,,,,,,,,,
RBV,THE CHRISTIE NHS FOUNDATION TRUST,,,,,,,,M20 4BX,,,A,,,,,,,,,,,,,,
RC1,BEDFORD HOSPITAL NHS TRUST,,,,,,,,MK42 9DJ,,,A,,,,,,,,,,,,,,
RC3,EALING HOSPITAL NHS TRUST,,,,,,,,UB1 3HW,,,A,,,,,,,,,,,,,,
RC9,BEDFORDSHIRE HOSPITALS NHS FOUNDATION TRUST,,,,,,,,LU4 0DZ,,,A,,,,,,,,,,,,,,
RCB,YORK AND SCARBOROUGH TEACHING HOSPITALS NHS FOUNDATION TRUST,,,,,,,,YO31 8HE,,,A,,,,,,,,,,,,,,
RCC,SCARBOROUGH AND NORTH EAST YORKSHIRE HEALTH CARE NHS TRUST,,,,,,,,YO12 6QL,,,A,,,,,,,,,,,,,,
RCD,HARROGATE AND DISTRICT NHS FOUNDATION TRUST,,,,,,,,HG2 7SX,,,A,,,,,,,,,,,,,,
RCF,AIREDALE NHS FOUNDATION TRUST,,,,,,,,BD20 6TD,,,A,,,,,,,,,,,,,,
RCU,SHEFFIELD CHILDREN'S NHS FOUNDATION TRUST,,,,,,,,S10 2TH,,,A,,,,,,,,,,,,,,
RCX,"THE QUEEN ELIZABETH HOSPITAL, KING'S LYNN, NHS FOUNDATION TRUST",,,,,,,,PE30 4ET,,,A,,,,,,,,,,,,,,
RD1,ROYAL UNITED HOSPITALS BATH NHS FOUNDATION TRUST,,,,,,,,BA1 3NG,,,A,,,,,,,,,,,,,,
RD3,POOLE HOSPITAL NHS FOUNDATION TRUST,,,,,,,,BH15 2JB,,,A,,,,,,,,,,,,,,
RD7,HEATHERWOOD AND WEXHAM PARK HOSPITALS NHS FOUNDATION TRUST,,,,,,,,SL2 4HL,,,A,,,,,,,,,,,,,,
RD8,MILTON KEYNES UNIVERSITY HOSPITAL NHS FOUNDATION TRUST,,,,,,,,MK6 5LD,,,A,,,,,,,,,,,,,,
RDD,BASILDON AND THURROCK UNIVERSITY HOSPITALS NHS FOUNDATION TRUST,,,,,,,,SS16 5NL,,,A,,,,,,,,,,,,,,
RDE,EAST SUFFOLK AND NORTH ESSEX NHS FOUNDATION TRUST,,,,,,,,CO4 5JL,,,A,,,,,,,,,,,,,,
RDR,SUSSEX COMMUNITY NHS FOUNDATION TRUST,,,,,,,,BN2 3EW,,,A,,,,,,,,,,,,,,
RDU,FRIMLEY HEALTH NHS FOUNDATION TRUST,,,,,,,,GU16 7UJ,,,A,,,,,,,,,,,,,,
RDY,DORSET HEALTHCARE UNIVERSITY NHS FOUNDATION TRUST,,,,,,,,BH17 0RB,,,A,,,,,,,,,,,,,,
RDZ,THE ROYAL BOURNEMOUTH AND CHRISTCHURCH HOSPITALS NHS FOUNDATION TRUST,,,,,,,,BH7 7DW,,,A,,,,,,,,,,,,,,
RE9,SOUTH TYNESIDE NHS FOUNDATION TRUST,,,,,,,,NE34 0PL,,,A,,,,,,,,,,,,,,
REF,ROYAL CORNWALL HOSPITALS NHS TRUST,,,,,,,,TR1 3LJ,,,A,,,,,,,,,,,,,,
REM,LIVERPOOL UNIVERSITY HOSPITALS NHS FOUNDATION TRUST,,,,,,,,L7 8XP,,,A,,,,,,,,,,,,,,
REN,THE CLATTERBRIDGE CANCER CENTRE NHS FOUNDATION TRUST,,,,,,,,CH63 4JY,,,A,,,,,,,,,,,,,,
REP,LIVERPOOL WOMEN'S NHS FOUNDATION TRUST,,,,,,,,L8 7SS,,,A,,,,,,,,,,,,,,
RET,THE WALTON CENTRE NHS FOUNDATION TRUST,,,,,,,,L9 7LJ,,,A,,,,,,,,,,,,,,
RF4,"BARKING, HAVERING AND REDBRIDGE UNIVERSITY HOSPITALS NHS TRUST",,,,,,,,RM7 0AG,,,A,,,,,,,,,,,,,,
RFF,BARNSLEY HOSPITAL NHS FOUNDATION TRUST,,,,,,,,S75 2EP,,,A,,,,,,,,,,,,,,
RFR,THE ROTHERHAM NHS FOUNDATION TRUST,,,,,,,,S60 2UD,,,A,,,,,,,,,,,,,,
RFS,CHESTERFIELD ROYAL HOSPITAL NHS FOUNDATION TRUST,,,,,,,,S44 5BL,,,A,,,,,,,,,,,,,,
RFW,WEST MIDDLESEX UNIVERSITY HOSPITAL NHS TRUST,,,,,,,,TW7 6AF,,,A,,,,,,,,,,,,,,
RGD,LEEDS AND YORK PARTNERSHIP NHS FOUNDATION TRUST,,,,,,,,LS7 3JX,,,A,,,,,,,,,,,,,,
RGM,ROYAL PAPWORTH HOSPITAL NHS FOUNDATION TRUST,,,,,,,,CB2 0AY,,,A,,,,,,,,,,,,,,
RGN,NORTH WEST ANGLIA NHS FOUNDATION TRUST,,,,,,,,PE3 9GZ,,,A,,,,,,,,,,,,,,
RGP,JAMES PAGET UNIVERSITY HOSPITALS NHS FOUNDATION TRUST,,,,,,,,NR31 6LA,,,A,,,,,,,,,,,,,,
RGQ,IPSWICH HOSPITAL NHS TRUST,,,,,,,,IP4 5PD,,,A,,,,,,,,,,,,,,
RGR,WEST SUFFOLK NHS FOUNDATION TRUST,,,,,,,,IP33 2QZ,,,A,,,,,,,,,,,,,,
RGT,CAMBRIDGE UNIVERSITY HOSPITALS NHS FOUNDATION TRUST,,,,,,,,CB2 0QQ,,,A,,,,,,,,,,,,,,
RH5,SOMERSET NHS FOUNDATION TRUST,,,,,,,,TA1 5DA,,,A,,,,,,,,,,,,,,
RH8,ROYAL DEVON UNIVERSITY HEALTHCARE NHS FOUNDATION TRUST,,,,,,,,EX2 5DW,,,A,,,,,,,,,,,,,,
RHA,NOTTINGHAMSHIRE HEALTHCARE NHS FOUNDATION TRUST,,,,,,,,NG3 6AA,,,A,,,,,,,,,,,,,,
RHM,UNIVERSITY HOSPITAL SOUTHAMPTON NHS FOUNDATION TRUST,,,,,,,,SO16 6YD,,,A,,,,,,,,,,,,,,
RHQ,SHEFFIELD TEACHING HOSPITALS NHS FOUNDATION TRUST,,,,,,,,S5 7AU,,,A,,,,,,,,,,,,,,
RHU,PORTSMOUTH HOSPITALS UNIVERSITY NHS TRUST,,,,,,,,PO6 3LY,,,A,,,,,,,,,,,,,,
RHW,ROYAL BERKSHIRE NHS FOUNDATION TRUST,,,,,,,,RG1 5AN,,,A,,,,,,,,,,,,,,
RJ1,GUY'S AND ST THOMAS' NHS FOUNDATION TRUST,,,,,,,,SE1 7EH,,,A,,,,,,,,,,,,,,
RJ2,LEWISHAM AND GREENWICH NHS TRUST,,,,,,,,SE13 6LH,,,A,,,,,,,,,,,,,,
RJ6,CROYDON HEALTH SERVICES NHS TRUST,,,,,,,,CR7 7YE,,,A,,,,,,,,,,,,,,
RJ7,ST GEORGE'S UNIVERSITY HOSPITALS NHS FOUNDATION TRUST,,,,,,,,SW17 0QT,,,A,,,,,,,,,,,,,,
RJ8,CORNWALL PARTNERSHIP NHS FOUNDATION TRUST,,,,,,,,PL31 2QN,,,A,,,,,,,,,,,,,,
RJC,SOUTH WARWICKSHIRE UNIVERSITY NHS FOUNDATION TRUST,,,,,,,,CV34 5BW,,,A,,,,,,,,,,,,,,
RJE,UNIVERSITY HOSPITALS OF NORTH MIDLANDS NHS TRUST,,,,,,,,ST4 6QG,,,A,,,,,,,,,,,,,,
RJF,BURTON HOSPITALS NHS FOUNDATION TRUST,,,,,,,,DE13 0RB,,,A,,,,,,,,,,,,,,
RJL,NORTHERN LINCOLNSHIRE AND GOOLE NHS FOUNDATION TRUST,,,,,,,,DN33 2BA,,,A,,,,,,,,,,,,,,
RJN,EAST CHESHIRE NHS TRUST,,,,,,,,SK10 3BL,,,A,,,,,,,,,,,,,,
RJR,COUNTESS OF CHESTER HOSPITAL NHS FOUNDATION TRUST,,,,,,,,CH2 1UL,,,A,,,,,,,,,,,,,,
RJZ,KING'S COLLEGE HOSPITAL NHS FOUNDATION TRUST,,,,,,,,SE5 9RS,,,A,,,,,,,,,,,,,,
RK5,SHERWOOD FOREST HOSPITALS NHS FOUNDATION TRUST,,,,,,,,NG17 4JL,,,A,,,,,,,,,,,,,,
RK9,UNIVERSITY HOSPITALS PLYMOUTH NHS TRUST,,,,,,,,PL6 8DH,,,A,,,,,,,,,,,,,,
RKB,UNIVERSITY HOSPITALS COVENTRY AND WARWICKSHIRE NHS TRUST,,,,,,,,CV2 2DX,,,A,,,,,,,,,,,,,,
RKE,WHITTINGTON HEALTH NHS TRUST,,,,,,,,N19 5NF,,,A,,,,,,,,,,,,,,
RKL,WEST LONDON NHS TRUST,,,,,,,,UB2 4SD,,,A,,,,,,,,,,,,,,
RL1,THE ROBERT JONES AND AGNES HUNT ORTHOPAEDIC HOSPITAL NHS FOUNDATION TRUST,,,,,,,,SY10 7AG,,,A,,,,,,,,,,,,,,
RL4,THE ROYAL WOLVERHAMPTON NHS TRUST,,,,,,,,WV10 0QP,,,A,,,,,,,,,,,,,,
RLQ,WYE VALLEY NHS TRUST,,,,,,,,HR1 2ER,,,A,,,,,,,,,,,,,,
RLT,GEORGE ELIOT HOSPITAL NHS TRUST,,,,,,,,CV10 7DJ,,,A,,,,,,,,,,,,,,
RLU,BIRMINGHAM WOMEN'S NHS FOUNDATION TRUST,,,,,,,,B15 2TG,,,A,,,,,,,,,,,,,,
RLY,NORTH STAFFORDSHIRE COMBINED HEALTHCARE NHS TRUST,,,,,,,,ST4 8HH,,,A,,,,,,,,,,,,,,
RM1,NORFOLK AND NORWICH UNIVERSITY HOSPITALS NHS FOUNDATION TRUST,,,,,,,,NR4 7UY,,,A,,,,,,,,,,,,,,
RM2,UNIVERSITY HOSPITAL OF SOUTH MANCHESTER NHS FOUNDATION TRUST,,,,,,,,M23 9LT,,,A,,,,,,,,,,,,,,
RM3,NORTHERN CARE ALLIANCE NHS FOUNDATION TRUST,,,,,,,,M6 8HD,,,A,,,,,,,,,,,,,,
RMC,BOLTON NHS FOUNDATION TRUST,,,,,,,,BL4 0JR,,,A,,,,,,,,,,,,,,
RMP,TAMESIDE AND GLOSSOP INTEGRATED CARE NHS FOUNDATION TRUST,,,,,,,,OL6 9RW,,,A,,,,,,,,,,,,,,
RMY,NORFOLK AND SUFFOLK NHS FOUNDATION TRUST,,,,,,,,NR1 2DH,,,A,,,,,,,,,,,,,,
RN1,WINCHESTER AND EASTLEIGH HEALTHCARE NHS TRUST,,,,,,,,SO22 5DG,,,A,,,,,,,,,,,,,,
RN3,GREAT WESTERN HOSPITALS NHS FOUNDATION TRUST,,,,,,,,SN3 6BB,,,A,,,,,,,,,,,,,,
RN5,HAMPSHIRE HOSPITALS NHS FOUNDATION TRUST,,,,,,,,RG24 9NA,,,A,,,,,,,,,,,,,,
RN7,DARTFORD AND GRAVESHAM NHS TRUST,,,,,,,,DA2 8DA,,,A,,,,,,,,,,,,,,
RNA,THE DUDLEY GROUP NHS FOUNDATION TRUST,,,,,,,,DY1 2HQ,,,A,,,,,,,,,,,,,,
RNK,TAVISTOCK AND PORTMAN NHS FOUNDATION TRUST,,,,,,,,NW3 5BA,,,A,,,,,,,,,,,,,,
RNL,NORTH CUMBRIA UNIVERSITY HOSPITALS NHS TRUST,,,,,,,,CA2 7HY,,,A,,,,,,,,,,,,,,
RNN,NORTH CUMBRIA INTEGRATED CARE NHS FOUNDATION TRUST,,,,,,,,CA2 7HY,,,A,,,,,,,,,,,,,,
RNQ,KETTERING GENERAL HOSPITAL NHS FOUNDATION TRUST,,,,,,,,NN16 8UZ,,,A,,,,,,,,,,,,,,
RNS,NORTHAMPTON GENERAL HOSPITAL NHS TRUST,,,,,,,,NN1 5BD,,,A,,,,,,,,,,,,,,
RNU,OXFORD HEALTH NHS FOUNDATION TRUST,,,,,,,,OX4 4XN,,,A,,,,,,,,,,,,,,
RNZ,SALISBURY NHS FOUNDATION TRUST,,,,,,,,SP2 8BJ,,,A,,,,,,,,,,,,,,
RP1,NORTHAMPTONSHIRE HEALTHCARE NHS FOUNDATION TRUST,,,,,,,,NN15 7PW,,,A,,,,,,,,,,,,,,
RP4,GREAT ORMOND STREET HOSPITAL FOR CHILDREN NHS FOUNDATION TRUST,,,,,,,,WC1N 3JH,,,A,,,,,,,,,,,,,,
RP5,DONCASTER AND BASSETLAW TEACHING HOSPITALS NHS FOUNDATION TRUST,,,,,,,,DN2 5LT,,,A,,,,,,,,,,,,,,
RP6,MOORFIELDS EYE HOSPITAL NHS FOUNDATION TRUST,,,,,,,,EC1V 2PD,,,A,,,,,,,,,,,,,,
RP7,LINCOLNSHIRE PARTNERSHIP NHS FOUNDATION TRUST,,,,,,,,LN1 1FS,,,A,,,,,,,,,,,,,,
RPA,MEDWAY NHS FOUNDATION TRUST,,,,,,,,ME7 5NY,,,A,,,,,,,,,,,,,,
RPC,QUEEN VICTORIA HOSPITAL NHS FOUNDATION TRUST,,,,,,,,RH19 3DZ,,,A,,,,,,,,,,,,,,
RPG,OXLEAS NHS FOUNDATION TRUST,,,,,,,,DA2 7WG,,,A,,,,,,,,,,,,,,
RPR,ROYAL WEST SUSSEX NHS TRUST,,,,,,,,PO19 6SE,,,A,,,,,,,,,,,,,,
RPY,THE ROYAL MARSDEN NHS FOUNDATION TRUST,,,,,,,,SW3 6JJ,,,A,,,,,,,,,,,,,,
RQ3,BIRMINGHAM WOMEN'S AND CHILDREN'S NHS FOUNDATION TRUST,,,,,,,,B4 6NH,,,A,,,,,,,,,,,,,,
RQ6,ROYAL LIVERPOOL AND BROADGREEN UNIVERSITY HOSPITALS NHS TRUST,,,,,,,,L7 8XP,,,A,,,,,,,,,,,,,,
RQ8,MID ESSEX HOSPITAL SERVICES NHS TRUST,,,,,,,,CM1 7ET,,,A,,,,,,,,,,,,,,
RQF,VELINDRE NHS TRUST,,,,,,,,CF15 7QZ,,,A,,,,,,,,,,,,,,
RQM,CHELSEA AND WESTMINSTER HOSPITAL NHS FOUNDATION TRUST,,,,,,,,SW10 9NH,,,A,,,,,,,,,,,,,,
RQN,HAMMERSMITH HOSPITALS NHS TRUST,,,,,,,,W12 0HS,,,A,,,,,,,,,,,,,,
RQW,THE PRINCESS ALEXANDRA HOSPITAL NHS TRUST,,,,,,,,CM20 1QX,,,A,,,,,,,,,,,,,,
RQX,HOMERTON HEALTHCARE NHS FOUNDATION TRUST,,,,,,,,E9 6SR,,,A,,,,,,,,,,,,,,
RQY,SOUTH WEST LONDON AND ST GEORGE'S MENTAL HEALTH NHS TRUST,,,,,,,,SW17 7DJ,,,A,,,,,,,,,,,,,,
RR1,HEART OF ENGLAND NHS FOUNDATION TRUST,,,,,,,,B9 5ST,,,A,,,,,,,,,,,,,,
RR7,GATESHEAD HEALTH NHS FOUNDATION TRUST,,,,,,,,NE9 6SX,,,A,,,,,,,,,,,,,,
RR8,LEEDS TEACHING HOSPITALS NHS TRUST,,,,,,,,LS9 7TF,,,A,,,,,,,,,,,,,,
RRD,NORTH ESSEX PARTNERSHIP UNIVERSITY NHS FOUNDATION TRUST,,,,,,,,CM2 0QX,,,A,,,,,,,,,,,,,,
RRE,MIDLANDS PARTNERSHIP UNIVERSITY NHS FOUNDATION TRUST,,,,,,,,ST16 3SR,,,A,,,,,,,,,,,,,,
RRF,"WRIGHTINGTON, WIGAN AND LEIGH TEACHING HOSPITALS NHS FOUNDATION TRUST",,,,,,,,WN1 2NN,,,A,,,,,,,,,,,,,,
RRJ,THE ROYAL ORTHOPAEDIC HOSPITAL NHS FOUNDATION TRUST,,,,,,,,B31 2AP,,,A,,,,,,,,,,,,,,
RRK,UNIVERSITY HOSPITALS BIRMINGHAM NHS FOUNDATION TRUST,,,,,,,,B15 2GW,,,A,,,,,,,,,,,,,,
RRP,"BARNET, ENFIELD AND HARINGEY MENTAL HEALTH NHS TRUST",,,,,,,,N15 3TH,,,A,,,,,,,,,,,,,,
RRU,LONDON AMBULANCE SERVICE NHS TRUST,,,,,,,,SE1 8SD,,,A,,,,,,,,,,,,,,
RRV,UNIVERSITY COLLEGE LONDON HOSPITALS NHS FOUNDATION TRUST,,,,,,,,NW1 2PG,,,A,,,,,,,,,,,,,,
RT1,CAMBRIDGESHIRE AND PETERBOROUGH NHS FOUNDATION TRUST,,,,,,,,CB21 5EF,,,A,,,,,,,,,,,,,,
RT2,PENNINE CARE NHS FOUNDATION TRUST,,,,,,,,OL6 7SR,,,A,,,,,,,,,,,,,,
RT4,WELSH AMBULANCE SERVICES NHS TRUST,,,,,,,,LL17 0LJ,,,A,,,,,,,,,,,,,,
RT5,LEICESTERSHIRE PARTNERSHIP NHS TRUST,,,,,,,,LE3 8RA,,,A,,,,,,,,,,,,,,
RTD,THE NEWCASTLE UPON TYNE HOSPITALS NHS FOUNDATION TRUST,,,,,,,,NE7 7DN,,,A,,,,,,,,,,,,,,
RTE,GLOUCESTERSHIRE HOSPITALS NHS FOUNDATION TRUST,,,,,,,,GL53 7AN,,,A,,,,,,,,,,,,,,
RTF,NORTHUMBRIA HEALTHCARE NHS FOUNDATION TRUST,,,,,,,,NE29 8NH,,,A,,,,,,,,,,,,,,
RTG,UNIVERSITY HOSPITALS OF DERBY AND BURTON NHS FOUNDATION TRUST,,,,,,,,DE22 3NE,,,A,,,,,,,,,,,,,,
RTH,OXFORD UNIVERSITY HOSPITALS NHS FOUNDATION TRUST,,,,,,,,OX3 9DU,,,A,,,,,,,,,,,,,,
RTK,ASHFORD AND ST PETER'S HOSPITALS NHS FOUNDATION TRUST,,,,,,,,KT16 0PZ,,,A,,,,,,,,,,,,,,
RTP,SURREY AND SUSSEX HEALTHCARE NHS TRUST,,,,,,,,RH1 5RH,,,A,,,,,,,,,,,,,,
RTQ,GLOUCESTERSHIRE HEALTH AND CARE NHS FOUNDATION TRUST,,,,,,,,GL3 4AW,,,A,,,,,,,,,,,,,,
RTR,SOUTH TEES HOSPITALS NHS FOUNDATION TRUST,,,,,,,,TS4 3BW,,,A,,,,,,,,,,,,,,
RTX,UNIVERSITY HOSPITALS OF MORECAMBE BAY NHS FOUNDATION TRUST,,,,,,,,LA9 7RG,,,A,,,,,,,,,,,,,,
RV3,CENTRAL AND NORTH WEST LONDON NHS FOUNDATION TRUST,,,,,,,,NW1 3AX,,,A,,,,,,,,,,,,,,
RV5,SOUTH LONDON AND MAUDSLEY NHS FOUNDATION TRUST,,,,,,,,BR3 3BX,,,A,,,,,,,,,,,,,,
RV8,NORTH WEST LONDON HOSPITALS NHS TRUST,,,,,,,,HA1 3UJ,,,A,,,,,,,,,,,,,,
RV9,HUMBER TEACHING NHS FOUNDATION TRUST,,,,,,,,HU10 6ED,,,A,,,,,,,,,,,,,,
RVJ,NORTH BRISTOL NHS TRUST,,,,,,,,BS10 5NB,,,A,,,,,,,,,,,,,,
RVN,AVON AND WILTSHIRE MENTAL HEALTH PARTNERSHIP NHS TRUST,,,,,,,,BA1 3QE,,,A,,,,,,,,,,,,,,
RVR,EPSOM AND ST HELIER UNIVERSITY HOSPITALS NHS TRUST,,,,,,,,SM5 1AA,,,A,,,,,,,,,,,,,,
RVV,EAST KENT HOSPITALS UNIVERSITY NHS FOUNDATION TRUST,,,,,,,,CT1 3NG,,,A,,,,,,,,,,,,,,
RVW,NORTH TEES AND HARTLEPOOL NHS FOUNDATION TRUST,,,,,,,,TS24 9AH,,,A,,,,,,,,,,,,,,
RVY,SOUTHPORT AND ORMSKIRK HOSPITAL NHS TRUST,,,,,,,,PR8 6PN,,,A,,,,,,,,,,,,,,
RW1,HAMPSHIRE AND ISLE OF WIGHT HEALTHCARE NHS FOUNDATION TRUST,,,,,,,,SO40 2RZ,,,A,,,,,,,,,,,,,,
RW3,CENTRAL MANCHESTER UNIVERSITY HOSPITALS NHS FOUNDATION TRUST,,,,,,,,M13 9WL,,,A,,,,,,,,,,,,,,
RW4,MERSEY CARE NHS FOUNDATION TRUST,,,,,,,,L34 1PJ,,,A,,,,,,,,,,,,,,
RW5,LANCASHIRE & SOUTH CUMBRIA NHS FOUNDATION TRUST,,,,,,,,PR5 6AW,,,A,,,,,,,,,,,,,,
RW6,PENNINE ACUTE HOSPITALS NHS TRUST,,,,,,,,M8 5RB,,,A,,,,,,,,,,,,,,
RWA,HULL UNIVERSITY TEACHING HOSPITALS NHS TRUST,,,,,,,,HU3 2JZ,,,A,,,,,,,,,,,,,,
RWD,UNITED LINCOLNSHIRE TEACHING HOSPITALS NHS TRUST,,,,,,,,LN2 5QY,,,A,,,,,,,,,,,,,,
RWE,UNIVERSITY HOSPITALS OF LEICESTER NHS TRUST,,,,,,,,LE1 5WW,,,A,,,,,,,,,,,,,,
RWF,MAIDSTONE AND TUNBRIDGE WELLS NHS TRUST,,,,,,,,ME16 9QQ,,,A,,,,,,,,,,,,,,
RWG,WEST HERTFORDSHIRE TEACHING HOSPITALS NHS TRUST,,,,,,,,WD18 0HB,,,A,,,,,,,,,,,,,,
RWH,EAST AND NORTH HERTFORDSHIRE TEACHING NHS TRUST,,,,,,,,SG1 4AB,,,A,,,,,,,,,,,,,,
RWJ,STOCKPORT NHS FOUNDATION TRUST,,,,,,,,SK2 7JE,,,A,,,,,,,,,,,,,,
RWK,EAST LONDON NHS FOUNDATION TRUST,,,,,,,,E1 8DE,,,A,,,,,,,,,,,,,,
RWN,SOUTH ESSEX PARTNERSHIP UNIVERSITY NHS FOUNDATION TRUST,,,,,,,,SS11 7XX,,,A,,,,,,,,,,,,,,
RWP,WORCESTERSHIRE ACUTE HOSPITALS NHS TRUST,,,,,,,,WR5 1DD,,,A,,,,,,,,,,,,,,
RWR,HERTFORDSHIRE PARTNERSHIP UNIVERSITY NHS FOUNDATION TRUST,,,,,,,,AL10 8YE,,,A,,,,,,,,,,,,,,
RWV,DEVON PARTNERSHIP NHS TRUST,,,,,,,,EX2 5AF,,,A,,,,,,,,,,,,,,
RWW,NORTH CHESHIRE AND MERSEY NHS FOUNDATION TRUST,,,,,,,,WA5 1QG,,,A,,,,,,,,,,,,,,
RWX,BERKSHIRE HEALTHCARE NHS FOUNDATION TRUST,,,,,,,,RG12 2UT,,,A,,,,,,,,,,,,,,
RWY,CALDERDALE AND HUDDERSFIELD NHS FOUNDATION TRUST,,,,,,,,HD3 3EA,,,A,,,,,,,,,,,,,,
RX1,NOTTINGHAM UNIVERSITY HOSPITALS NHS TRUST,,,,,,,,NG7 2UH,,,A,,,,,,,,,,,,,,
RX2,SUSSEX PARTNERSHIP NHS FOUNDATION TRUST,,,,,,,,BN13 3EP,,,A,,,,,,,,,,,,,,
RX3,"TEES, ESK AND WEAR VALLEYS NHS FOUNDATION TRUST",,,,,,,,DL2 2TS,,,A,,,,,,,,,,,,,,
RX4,"CUMBRIA, NORTHUMBERLAND, TYNE AND WEAR NHS FOUNDATION TRUST",,,,,,,,NE3 3XT,,,A,,,,,,,,,,,,,,
RX6,NORTH EAST AMBULANCE SERVICE NHS FOUNDATION TRUST,,,,,,,,NE15 8NY,,,A,,,,,,,,,,,,,,
RX7,NORTH WEST AMBULANCE SERVICE NHS TRUST,,,,,,,,BL1 5DD,,,A,,,,,,,,,,,,,,
RX8,YORKSHIRE AMBULANCE SERVICE NHS TRUST,,,,,,,,WF2 0XQ,,,A,,,,,,,,,,,,,,
RX9,EAST MIDLANDS AMBULANCE SERVICE NHS TRUST,,,,,,,,NG8 6PY,,,A,,,,,,,,,,,,,,
RXA,CHESHIRE AND WIRRAL PARTNERSHIP NHS FOUNDATION TRUST,,,,,,,,CH2 1BQ,,,A,,,,,,,,,,,,,,
RXC,EAST SUSSEX HEALTHCARE NHS TRUST,,,,,,,,TN37 7PT,,,A,,,,,,,,,,,,,,
RXE,ROTHERHAM DONCASTER AND SOUTH HUMBER NHS FOUNDATION TRUST,,,,,,,,DN4 8QN,,,A,,,,,,,,,,,,,,
RXF,MID YORKSHIRE TEACHING NHS TRUST,,,,,,,,WF1 4DG,,,A,,,,,,,,,,,,,,
RXG,SOUTH WEST YORKSHIRE PARTNERSHIP TEACHING NHS FOUNDATION TRUST,,,,,,,,WF1 3SP,,,A,,,,,,,,,,,,,,
RXH,BRIGHTON AND SUSSEX UNIVERSITY HOSPITALS NHS TRUST,,,,,,,,BN2 5BE,,,A,,,,,,,,,,,,,,
RXK,SANDWELL AND WEST BIRMINGHAM HOSPITALS NHS TRUST,,,,,,,,B66 2QT,,,A,,,,,,,,,,,,,,
RXL,BLACKPOOL TEACHING HOSPITALS NHS FOUNDATION TRUST,,,,,,,,FY3 8NR,,,A,,,,,,,,,,,,,,
RXM,DERBYSHIRE HEALTHCARE NHS FOUNDATION TRUST,,,,,,,,DE22 3LZ,,,A,,,,,,,,,,,,,,
RXN,LANCASHIRE TEACHING HOSPITALS NHS FOUNDATION TRUST,,,,,,,,PR2 9HT,,,A,,,,,,,,,,,,,,
RXP,COUNTY DURHAM AND DARLINGTON NHS FOUNDATION TRUST,,,,,,,,DL3 6HX,,,A,,,,,,,,,,,,,,
RXQ,BUCKINGHAMSHIRE HEALTHCARE NHS TRUST,,,,,,,,HP7 0JD,,,A,,,,,,,,,,,,,,
RXR,EAST LANCASHIRE HOSPITALS NHS TRUST,,,,,,,,BB2 3HH,,,A,,,,,,,,,,,,,,
RXT,BIRMINGHAM AND SOLIHULL MENTAL HEALTH NHS FOUNDATION TRUST,,,,,,,,B13 8QY,,,A,,,,,,,,,,,,,,
RXV,GREATER MANCHESTER MENTAL HEALTH NHS FOUNDATION TRUST,,,,,,,,M25 3BL,,,A,,,,,,,,,,,,,,
RXW,THE SHREWSBURY AND TELFORD HOSPITAL NHS TRUST,,,,,,,,SY3 8XQ,,,A,,,,,,,,,,,,,,
RXX,SURREY AND BORDERS PARTNERSHIP NHS FOUNDATION TRUST,,,,,,,,KT22 7AD,,,A,,,,,,,,,,,,,,
RXY,KENT AND MEDWAY MENTAL HEALTH NHS TRUST,,,,,,,,ME16 9PH,,,A,,,,,,,,,,,,,,
RY1,LIVERPOOL COMMUNITY HEALTH NHS TRUST,,,,,,,,L13 1FB,,,A,,,,,,,,,,,,,,
RY2,BRIDGEWATER COMMUNITY HEALTHCARE NHS FOUNDATION TRUST,,,,,,,,WA3 7PG,,,A,,,,,,,,,,,,,,
RY3,EAST OF ENGLAND COMMUNITY HEALTH AND CARE NHS TRUST,,,,,,,,NR2 3TU,,,A,,,,,,,,,,,,,,
RY4,HERTFORDSHIRE COMMUNITY NHS TRUST,,,,,,,,AL7 1BW,,,A,,,,,,,,,,,,,,
RY5,LINCOLNSHIRE COMMUNITY HEALTH SERVICES NHS TRUST,,,,,,,,LN5 7JH,,,A,,,,,,,,,,,,,,
RY6,LEEDS COMMUNITY HEALTHCARE NHS TRUST,,,,,,,,LS11 0DL,,,A,,,,,,,,,,,,,,
RY7,WIRRAL COMMUNITY HEALTH AND CARE NHS FOUNDATION TRUST,,,,,,,,CH42 0LQ,,,A,,,,,,,,,,,,,,
RY8,DERBYSHIRE COMMUNITY HEALTH SERVICES NHS FOUNDATION TRUST,,,,,,,,S42 7JE,,,A,,,,,,,,,,,,,,
RY9,HOUNSLOW AND RICHMOND COMMUNITY HEALTHCARE NHS TRUST,,,,,,,,TW11 8HU,,,A,,,,,,,,,,,,,,
RYA,WEST MIDLANDS AMBULANCE SERVICE UNIVERSITY NHS FOUNDATION TRUST,,,,,,,,DY5 1LX,,,A,,,,,,,,,,,,,,
RYC,EAST OF ENGLAND AMBULANCE SERVICE NHS TRUST,,,,,,,,SG8 6NA,,,A,,,,,,,,,,,,,,
RYD,SOUTH EAST COAST AMBULANCE SERVICE NHS FOUNDATION TRUST,,,,,,,,RH10 9BG,,,A,,,,,,,,,,,,,,
RYE,SOUTH CENTRAL AMBULANCE SERVICE NHS FOUNDATION TRUST,,,,,,,,OX26 6HR,,,A,,,,,,,,,,,,,,
RYF,SOUTH WESTERN AMBULANCE SERVICE NHS FOUNDATION TRUST,,,,,,,,EX2 7HY,,,A,,,,,,,,,,,,,,
RYG,COVENTRY AND WARWICKSHIRE PARTNERSHIP NHS TRUST,,,,,,,,CV6 6NY,,,A,,,,,,,,,,,,,,
RYH,NHS DIRECT NHS TRUST,,,,,,,,E1 8EU,,,A,,,,,,,,,,,,,,
RYJ,IMPERIAL COLLEGE HEALTHCARE NHS TRUST,,,,,,,,W2 1BL,,,A,,,,,,,,,,,,,,
RYK,DUDLEY INTEGRATED HEALTH AND CARE NHS TRUST,,,,,,,,DY5 1RU,,,A,,,,,,,,,,,,,,
RYQ,SOUTH LONDON HEALTHCARE NHS TRUST,,,,,,,,DA14 6LT,,,A,,,,,,,,,,,,,,
RYR,UNIVERSITY HOSPITALS SUSSEX NHS FOUNDATION TRUST,,,,,,,,BN11 2DH,,,A,,,,,,,,,,,,,,
RYT,PUBLIC HEALTH WALES NHS TRUST,,,,,,,,CF10 4BZ,,,A,,,,,,,,,,,,,,
RYV,CAMBRIDGESHIRE COMMUNITY SERVICES NHS TRUST,,,,,,,,PE27 4LG,,,A,,,,,,,,,,,,,,
RYW,BIRMINGHAM COMMUNITY HEALTHCARE NHS FOUNDATION TRUST,,,,,,,,B7 4BN,,,A,,,,,,,,,,,,,,
RYX,CENTRAL LONDON COMMUNITY HEALTHCARE NHS TRUST,,,,,,,,NW1 5JD,,,A,,,,,,,,,,,,,,
RYY,KENT COMMUNITY HEALTH NHS FOUNDATION TRUST,,,,,,,,TN25 4AZ,,,A,,,,,,,,,,,,,,
